0.06891119534295226,-0.17149378113610786,1
-0.04218558405908224,-0.029849020210962862,1
0.15503269676440026,-0.01483355505158094,1
0.5075338941366123,-0.6696576069298201,0
-0.11243134304470959,0.8170246453454386,0
0.1970799092470232,0.4072759479425385,1
-0.23987118403426844,-0.141943213779529,1
0.3387909355798699,-1.126345324158899,0
0.03864721528838248,0.4548451263163593,1
1.0941299735572851,-0.5002254629730808,0
1.2153373181490013,-0.2473312440097442,0
-0.212772460639035,-0.06193551496834987,1
-1.0725695501032866,-0.18352769680314165,0
0.1816365631413511,0.32288982756703855,1
0.6588479411946201,-0.9737408995085701,0
1.1722386637391136,-0.4756477143131454,0
0.08020504550923957,0.17680754058301612,1
0.40212075331201796,-0.19717411601982804,1
0.1530229791393098,0.34584990549752787,1
0.4573039817128091,1.0379662987894867,0
0.024677428671558033,-1.0687511660988542,0
0.4305487304026704,0.7012786266889341,0
0.017875746114116624,0.2426828427108998,1
-0.2628285577516955,0.837716277885047,0
-0.7506906688744948,-0.18751387833329608,0
0.22908229153364457,0.004788317721478086,1
0.20214474865455154,0.018736483046626756,1
-1.0089637529056816,-0.7221159721377504,0
0.08089321484648852,-0.12084486847127837,1
0.11293873253251842,0.010907654168531622,1
0.8360079801945566,0.8088624241734768,0
0.03600548822905364,0.2694593408224659,1
-0.2648926408129283,0.05454499279335233,1
-1.1638853488382597,-0.6988020561116706,0
-0.9744140432830196,0.44976345248825855,0
-0.11125149407767812,0.3781012483167907,1
0.7335967838844825,0.9984201297010316,0
0.9991430086378498,0.9365528139433585,0
0.24265435742372396,0.2021402576896682,1
-0.4441792148334422,-0.27519706614203965,0
-0.1642022972763642,-1.007449018844859,0
-0.2088186566852855,0.1612694757502636,1
0.25497769457022346,-0.035872090286113885,1
-1.1339580799687243,0.843395710454704,0
0.14102602209234666,0.02350201820964698,1
-0.707036971717912,-0.04776438077987288,0
-0.1670693804310543,1.0863218529804721,0
0.3442672832303826,0.05646331458403618,1
0.29927974172320276,0.9308532265728083,0
-0.18986361173788582,0.03363802841792429,1
-0.4029917517689801,0.06544181489065631,1
1.0338900656672863,0.8208926625701397,0
0.41410066845803484,0.021621994903484543,1
0.26648558047915605,0.27293900375661506,1
-0.941627086607289,0.25366889364395084,0
0.2990426658599371,0.9956862078458731,0
0.806545704137248,-1.0710551417876584,0
0.27288066102263814,0.2919315531990697,1
0.31590868043800396,-0.5581733824261703,1
-0.22696321346232415,0.9632262619594859,0
0.2866413166356053,-0.24568730452805793,1
0.20347265976133388,0.2938427896369189,1
-0.15695021753498517,0.0402490470832726,1
-0.9265694689891211,0.26582002078770595,0
0.9504761926674615,0.3816256711023838,0
-0.2822059048794873,0.5394783532029593,0
-0.28026946883833337,-1.164959219457912,0
0.706281033515369,0.6465706578602592,0
-0.8298551929010644,0.23427256736755234,0
1.095711452992599,-0.37458399242389434,0
-0.1088160129837783,1.4698503743257794,0
-0.6373854670034477,-0.7262175099559841,0
-0.28868888596856784,-0.8062400621457027,0
0.11049773041217294,0.026538499061863258,1
0.038242933761003434,0.0814946718254429,1
-1.2280520951048008,0.24738025679042386,0
0.024320769246094963,-0.3134525141837363,1
-0.7638206760639811,-0.7677863555285278,0
-0.01623714194558523,0.31962822178396577,1
0.043612743826678714,0.04190693623718533,1
0.5426151159858155,0.13929517773832223,1
0.365202173201134,-0.8303324884506882,0
0.7022352811005859,-0.39068529113848294,0
0.5088551218946573,-0.2974724191410736,1
-0.3586319217059082,-0.26962951015758285,1
0.1152338100332663,-0.2865858637641119,1
0.9448485657141347,0.311819245506155,0
-1.3009961298325576,0.05659725717495776,0
-0.515180476576508,-0.9472901060794949,0
-0.7312927993682214,1.1027121904662855,0
-0.8472928599596823,0.6871167468261464,0
1.0729485739394073,0.14086900014897394,0
-0.20924353221328257,0.10222481076421425,1
1.1287424217100754,0.4618909250656007,0
-0.1835270611438769,-0.16484683786898466,1
1.2440857446034579,0.22062699048321302,0
1.21932797177027,0.07534111189049864,0
-0.2756552826269179,0.006287163242496348,1
-0.598104857059547,0.8262476113447158,0
0.10014527137308482,0.26652247766065146,1
0.36200468934379276,0.9633387111797671,0
0.9522550322000308,0.28755336212914095,0
-0.13881916664484253,-0.22289462016198927,1
0.28324324331310047,0.21178039488711717,1
-0.02102769691581388,-0.2590072356165624,1
0.20887519487082135,-0.9649440161743135,0
0.7058820325729785,-0.6043855467249432,0
-0.10278654002283333,0.00201563416669695,1
0.1858720149241972,-0.9764959421701949,0
0.22663012443137873,0.3497119915454665,1
0.7515966231803042,-0.3947910413184992,0
-0.9569891393831242,-0.5338417535165327,0
-1.0878995252933747,0.14799115006790936,0
0.4939224747777447,-0.8820657777284884,0
0.18443083453677073,-0.04516151974613207,1
-0.21545577274851396,-0.12050012529110174,1
-0.1053081091080886,-0.5457124252506327,1
0.8147818526564572,-0.30202260319861024,0
0.08937121170809556,-0.06264908364748589,1
-0.31134333046869567,-0.11173756436304093,1
-0.5145348213191328,-0.8353855836002368,0
-0.10391324785073677,-0.36499958291910284,1
-0.42178016800268825,-0.11077195315220806,1
-0.40545897902318834,-0.8208099808631558,0
-0.9509419254685535,-0.2793305481097368,0
0.7791367536636189,0.3193510220623787,0
0.2112804308583086,0.1087304313566168,1
-0.4468888118045864,-0.13441142963046626,0
0.43049255102453304,0.2576916888484067,1
-0.2963120449636023,-0.11155742485022746,1
-0.9075714039175442,0.3117770184551173,0
0.511495989568447,0.28815558266745545,1
0.4201171996198251,-0.053324629688224476,1
-0.6956826401327152,-0.11449672567603346,0
1.423597626150788,-0.525409433886528,0
-0.04419244650210932,-0.2474884106346085,1
0.9849834324526939,-0.44814735092782676,0
-1.2802731658691475,-0.2712951718788723,0
-0.20471031290481878,1.073922474681884,0
0.2759873725451142,0.2746039074565304,1
-0.07220905791546764,0.282393400837998,1
-0.9098121784435751,0.2679115960352839,0
0.2536720040783863,1.0439694808963706,0
0.19684301923572955,-0.15818753944997832,1
1.301026369183837,-0.7892132456870214,0
0.445722193318017,-0.8569185816595106,0
-0.34447892881244735,0.4698255955255705,1
-0.18654133350650942,-0.309508029283892,1
0.676133201489525,0.11414275657081444,0
-0.7729233703800237,-0.7748877469141747,0
-0.038085243504150594,0.03274246418325083,1
1.0107304624949505,0.511314800330479,0
-0.38728409299571565,0.020212704557881232,1
-0.9482243009254502,-0.5694274243616638,0
0.757514503759118,-0.8518946910205679,0
-0.06026268756632619,0.21707642431496788,1
-0.29759222266548835,0.09179079402172459,1
0.9261843703362205,0.1460206577790166,0
-0.4409152979708349,-0.07007907094833092,1
0.7268737612406919,-0.3426469043438144,0
0.16016586359680182,-0.9986851625879204,0
-0.9671354874486041,-0.26381576700629084,0
-0.1246175887751678,-0.08859013324079934,1
0.2155556870055003,0.2002976329968612,1
0.11956639020929688,0.09531812001179799,1
0.09241283546441378,0.0575821453652921,1
-1.0897012906361387,-0.09723181387913696,0
-0.3651966169271248,-0.0188678988510989,1
0.9569096954639328,-0.1418879995465093,0
0.2945293321750782,-0.11523870163294607,1
-0.21222813098407736,-0.6512566624748684,0
-0.1377419371398594,0.04544865222154121,1
0.4378464130285402,-0.051278061633270075,1
0.4031225528337488,-0.20450752948521259,1
0.0073483901694758325,0.15669320474959053,1
0.5486987921155683,-1.566449696902028,0
0.7872833512697336,-0.7922298877013533,0
-0.15614999168319219,-0.22584941320894109,1
0.694970471064892,0.6419106035327584,0
-0.4791173488444199,-0.11124782276037046,1
-0.16239703396848643,-0.06631771246379427,1
-0.1238206422711359,0.21563503327077477,1
0.23378130660604626,0.23379718656372023,1
-0.2608009371096846,0.6175175399958412,1
0.04355385510129661,-0.060965269290118654,1
0.20255326472923835,0.055528566746319244,1
0.30411393126057273,0.05217226783247486,1
-0.2959991102356084,0.20814622470611688,1
-0.5121177746658151,0.00208913789820427,1
-0.1490485790894856,-0.2447568219289242,1
-0.6727837845542588,-0.9197235687375803,0
-0.7965344442231123,0.7173115070715214,0
0.10893193455334432,-0.1386169990318965,1
0.14141298318395606,0.12850223718459436,1
-0.8337189170905804,0.3975406462047794,0
-0.9293023936016088,0.19951806764497865,0
-0.05444088036546811,0.29813492534566954,1
0.8196251042262602,-0.10263227363357902,0
-0.5586861061883496,1.3576037830264047,0
-0.1540685624800738,-0.11554602296339109,1
0.5007160146652726,0.7132813872814532,0
-0.16706173494339832,0.04596792600320246,1
0.3970196407582088,0.9531612363772297,0
0.6427785771050494,0.5283449273009251,0
-1.0335660276469623,-0.7230075434337999,0
-0.26838594737346155,0.07758801134589481,1
-0.44052433706039384,0.05307932001269778,1
-0.03093615303139624,-0.08375860910740729,1
-0.8361001706329106,-1.0840644148712748,0
-0.214666269721075,-0.1876955046958596,1
1.3284119574242845,-0.8943868221047471,0
-0.16280347621160923,-0.2798656455895745,1
0.4126552100661958,-0.8777395277344286,0
0.7860005258451497,0.8527093587284057,0
-0.09249816196808532,-0.02354443993964732,1
-0.06968673678557002,-1.1259922128406794,0
1.2312898173268167,0.8143171953098004,0
-1.0216158221918126,0.07913766646491682,0
-0.20405468056667092,-1.4847860895796483,0
-1.1011144696986443,0.11575400483634701,0
0.809063514876569,-0.033385119306981764,0
0.05552971810010763,-0.263792503167003,1
0.22851793015294977,-0.3584376325085978,1
-0.25801654793001555,-0.9126465471843939,0
0.9677410423052467,0.35086237198949916,0
-0.021183084207124586,1.1376023115023115,0
0.5072641389030365,0.7374351651161286,0
-0.2695755890842992,-0.025176747707945576,1
-0.40974512187785717,-0.8791981219327295,0
0.07606375566135726,-0.11105212317711337,1
0.7822134754746644,0.80373273800012,0
-0.0018038346529770932,0.4832458815972697,1
-0.19007831467886196,0.09832434347382268,1
-0.7472970942600106,0.14487302241265365,0
-0.9258308862507372,-0.32325993555652655,0
0.35883062394063847,-0.7663164771939505,0
-0.6780915506381484,0.5091561456456506,0
0.7040638221277744,0.5962209694132428,0
0.03149711508680769,-0.016259016012757047,1
0.0760863116786217,-0.22380590192999375,1
-0.142616706781773,-0.34983506199041076,1
0.3168287583630356,-0.3047934710871635,1
-1.1350458423446705,0.3551211787179386,0
0.41353828109347524,-1.0778505685799291,0
-0.14957494191222215,-0.04184595570555376,1
-0.19548348282529698,-0.5286445283592802,0
-0.924362225926969,0.19419175092358895,0
-0.04279425307293169,0.07760831648690723,1
0.3775004312648046,-0.17100074105528446,1
-0.28711728928668734,-0.015749811779107017,1
0.08593260137754022,0.3882896373377026,1
-0.11934702427404045,-0.1629601227162887,1
-0.404665142657914,0.9116335000044447,0
-0.30404084861729685,-0.14711177933580474,1
0.054905904401420846,-0.195747728059586,1
-0.1774065189154989,0.058391831692719665,1
0.5577646419504192,-0.07407062142572354,1
0.053661670381296524,1.1176716955472068,0
0.11682154607123368,0.12639134548539668,1
0.33898907980242654,0.4652414242823982,1
0.24892277942833718,-0.03106611359252775,1
1.0050453266631778,-0.4715327553034844,0
0.031071877389656305,-0.4396879217538707,1
-0.31005720637606526,0.8082756195313316,0
0.9709538418454778,0.356658501910734,0
-0.5546017579530732,0.2522737560139129,1
0.0022807993619735345,-0.04654180802494019,1
0.3006715336115059,-0.16989842964558688,1
0.2837036151497424,-0.034043772567096516,1
0.6606181796767916,0.9138710975141031,0
-0.5457185413530597,0.1359501983245392,1
-0.3624849440884701,0.05146537124624796,1
-0.9667706876862957,0.29852984290179857,0
-0.6115806998790325,0.8952496131804926,0
0.8788830945963375,0.8605124208313802,0
-0.6495603545005552,-0.2507713450789957,1
-0.582261098508679,1.0452308012928677,0
0.9009053696162355,-0.3356036754985804,0
0.11426808280094009,0.8190032027899437,0
0.17381242240562858,-0.15589657609335908,1
0.7586515343771559,-0.64833298826956,0
-0.5886032396184544,0.8258123200253427,0
0.11830125903618385,0.6041006097412888,1
1.0918639987412742,0.3468870057373861,0
0.9923599236048057,0.2653902904338745,0
0.10924404487926054,0.09677422529453053,1
-0.9024101810828189,-0.7570596153898278,0
0.7294138142229791,0.42342055127092487,0
-0.049088828484640315,0.1809457753311576,1
-0.05386743241024472,0.002333976918116154,1
0.256454958977218,-0.04421440409056282,1
-0.40038191247542015,-0.11029995461933262,1
-0.7660078288024978,0.7182348256017403,0
-0.6980069750453081,-0.6792648719350983,0
0.35392177559281013,-0.6541490226609588,0
-0.8573342138816558,1.503633280445393,0
0.6938487601615996,1.0298220949668835,0
0.2859338419675187,-0.9448392660401559,0
-0.4780305064495003,0.027285231459302346,1
-0.25318569674544406,0.873588189624226,0
0.9267092493470487,-0.34762952276659975,0
0.18684514698422316,-0.3297846611104662,1
0.09164162221090086,-0.18278976497558297,1
-0.36461072808213524,0.9180662164335818,0
-0.6447852347764679,0.549190908679332,0
-0.09768275446974918,0.21005050796809968,1
-0.12235178257443101,-0.033448838350836785,1
0.7037399588100566,0.32232639272904196,0
0.46339514637147383,0.7296564686172898,0
-0.05496635342262998,-0.027011300696552748,1
0.00466731134519674,-0.10241760832380369,1
-0.16010235354556168,-0.1974304117846026,1
0.6279989674220687,0.07904620828157691,1
-0.950692643713494,-0.3887789834457317,0
-0.6178519060521079,0.3436928079606122,0
0.1901931184108157,-0.20516055239687522,1
-0.002161886671005822,1.0636057030756527,0
-0.9449851647452795,-0.03225825264136918,0
0.40510984972793807,0.634698338765352,0
-0.502537070141975,0.20459939905124688,1
0.8612440308758059,-0.16331791513574279,0
0.5296832846773053,-0.8233788666456999,0
0.04127171144522247,0.12949654257411525,1
-0.30956178588514327,0.3276065355821851,1
-0.838640153333777,-0.5238182827200284,0
0.5924142206480796,0.8924768356112662,0
0.05553278302883585,-0.058770701949341586,1
-0.47278674295027456,-0.3321526822056664,1
-0.485050883328884,0.10242936518889044,1
0.318111966771291,0.9901955738455471,0
0.750610410531588,1.175004305539574,0
-0.14967265557282428,1.010161034477169,0
-0.08005348265332626,-0.14055430654897832,1
-0.2935611435074809,1.1742958104229155,0
0.19836304505394803,0.11875921909367798,1
-1.1401230841951795,-0.22944113668879595,0
0.5689615719018469,-0.4692681022763031,0
0.4375148223303349,0.14304963904400234,1
1.097180240900405,0.20394530993792342,0
0.27837007846494244,0.08456948849768295,1
-0.5487280219916912,1.068325054461878,0
-0.9060309940339796,0.20596374957559827,0
-0.1671270255895777,0.04292271721708524,1
-1.2336932007424923,0.12825316695252104,0
0.1457297790312027,-0.1259503455456996,1
-0.0010404984240778847,0.11108661419507979,1
0.002548003275810118,-1.204581866798072,0
-0.010104947257234098,0.40111979694363775,1
-0.38039652844786176,-0.7353065838747039,0
0.26433677387866583,-0.19430817537233638,1
-0.5242715915436658,-0.6275475881042574,0
-0.061130278315860945,1.1539902347303168,0
0.25760838034149447,-0.14282442782491558,1
0.5011504949690788,-0.5080828724393496,0
-0.8203416776598174,0.5145671752020265,0
0.6704697180044836,-0.23023199147661583,0
0.11585154158810085,1.2601431904146487,0
0.5448838385013022,0.5169203512992284,0
0.16504963289630276,-0.09973878142545037,1
0.08821413231788053,-0.06821402859979975,1
0.7524749110628618,0.44908142200061996,0
-0.33553876210609845,-0.25970644406819865,1
-0.4149606735231604,0.7293782888145102,0
0.21913090343577535,0.26209322622549097,1
-1.0591189861037729,0.5049284445512229,0
0.6198039240173895,-0.69222143232228,0
-0.6064467280884505,0.3830032865065338,0
-0.94564586765914,-0.005169673881930875,0
0.8220314736177207,0.18186841234738568,0
-0.2889533357392283,0.9639965704785249,0
-1.413798737791236,-0.33148576369447325,0
-0.12558387819428962,-0.1808187426334991,1
0.025800527088529535,0.8102611822763787,0
0.31885904634687134,-0.05371878793836993,1
0.665921360147188,-0.9086363358469909,0
-0.9005355317945639,0.028628841807883998,0
-0.1696830444576376,0.18752689384276386,1
0.3764893237200868,-1.259117113466032,0
0.954710740580588,-0.0015865616806814591,0
0.5756753965844079,-0.6131478567613213,0
-0.011559842742996805,-1.2520909946844343,0
-0.24048901795317157,-0.22354016243403607,1
-0.2597414317097309,-0.12244418116891145,1
0.04335075111479418,0.7794519477841441,0
0.2969767982450636,0.07164524307272614,1
-0.5233003723910927,0.08903565181635914,1
0.21882225284777315,0.06262022445823455,1
-0.27714895313812843,0.23661209323731808,1
-0.8660242605971875,0.23899364357806957,0
-0.04875908639068048,0.07127788126794504,1
-0.18847382105573285,0.2443691837045811,1
-0.05678416080889917,0.3100383683196678,1
-0.35660819811938615,0.45880695271016336,1
0.24607874475027497,0.15000586357596118,1
0.14158830825759097,-0.7998527885191468,0
0.5816641305165539,0.9116003720683566,0
0.13203623961877875,-0.10937606732455456,1
-0.24729554036437365,0.5206580652024292,1
1.2776678569479059,0.11793702367401729,0
0.04524874950755947,-0.11439884312982262,1
0.04559781573357993,-0.30441239931998615,1
-0.41218261512401505,0.043019015143427236,1
0.1899711794119426,0.02827182224106367,1
-1.0104732425534655,0.39681920546696103,0
0.07037690966977506,-0.05998024991483397,1
1.3069169814823152,-0.1528120308933211,0
-0.26914801115384085,0.7395184029660316,0
-0.04707603944421852,-1.2146284980418074,0
-0.49652574040811653,-0.6922722427002657,0
-1.0636258156683567,-0.09950099001137044,0
-0.045698411493601473,-0.18261416264023536,1
0.07900267382458331,-1.1071500902565279,0
-0.04618753455013056,-0.5984833181451521,1
-0.4621944689561633,0.10656580713856867,1
-0.3973169590390601,0.32615429064869195,1
-0.4890098067302059,-0.3160795182783525,1
0.07902876759894029,-0.9608980426160472,0
-0.14464517430883753,-1.3415096675793374,0
-0.6040980654610437,0.1298368900106226,0
0.19635062637779327,0.8389341613358066,0
0.4815119081004886,-1.1383591580941874,0
-0.04534404234583447,0.1603559306606166,1
-0.46027376159815325,0.332623417460587,1
0.08003207370861665,0.8696896854344709,0
-0.3735633075615171,-0.2877695179286742,1
0.8856848648714537,-0.445975728194018,0
0.11567994003887458,0.05218205411579621,1
-0.4917709519138116,-0.8334777389070598,0
0.12228256357046437,0.3020694120449796,1
0.09930553783450335,0.29562862024073217,1
-1.0692524972274606,0.17531842213231869,0
-0.179358048404243,0.18257564334811105,1
-0.13400200302169496,0.049786052962938615,1
-0.04947259453818957,-0.27720514019822295,1
-0.9380048350555924,-0.4417451340265108,0
0.99348168663219,-0.19566218279890085,0
-0.4641384911795967,-0.8847397966164068,0
0.02760457752664302,-0.2366043402423414,1
-0.3038050809064653,-0.018945210388537595,1
0.48222393308141737,-0.552361075317843,0
1.6499068195299482,0.014979587161615265,0
-0.41497298969541685,-0.28525698260280463,1
0.3415222174252732,-0.33990319574614103,1
0.8865899964392927,-0.31370659324719463,0
1.1576295970766417,-0.7841526495798814,0
-0.23787450663039905,-0.050939095655024164,1
0.8216409237011192,-0.7162786411213836,0
-0.0024736658392833233,0.16597456533383811,1
0.683369548518148,0.0698865623269111,0
0.10456544275356588,-0.08268806360379836,1
-0.2683054168365089,-0.17848126579789772,1
-0.9736214657808431,0.8440721783432934,0
0.10495012337202526,-0.875252583731161,0
0.3754995616877128,-0.9764538252034238,0
-0.0594116307523401,-0.25451982611320856,1
-0.8989363080111179,-0.514859415354761,0
0.2636069674924714,-0.8022811695283361,0
-0.22181723270218812,0.35161697419605203,1
-0.36228961860249786,-0.1854392281737348,1
0.07154379469260622,0.1886259221546033,1
-0.5863123492913367,-0.9869509636703915,0
0.16534118649003382,0.15034870329198272,1
0.24804359087198088,-0.5214598027421802,1
0.10700658410854222,0.46048476620010076,1
-0.8879600565773991,0.7474539935941935,0
-0.13327832815701027,0.24409126212056373,1
0.0611610955682598,-0.16267924216868523,1
-0.24052416985736844,-0.12999459742499128,1
-1.0650799852336756,0.5654060019212694,0
-0.24931432201384482,-1.1652343673051724,0
-0.2757521129464172,-0.2371795644035024,1
0.730833783340833,-0.585179119275627,0
0.6184399878327247,-0.49616881619250464,0
0.2798687259351085,0.3550304196853186,1
0.7104784309965496,-0.4781023940339482,0
-0.5109902764141352,-0.6823000183183909,0
0.29074495824540286,-0.9865890556259257,0
0.1513852655469518,0.08385194940479605,1
-0.055560851698813134,0.263512811650979,1
0.20385455804174366,0.17736526516194054,1
-0.09710023745861909,0.0054166020673709105,1
-0.2725203192695411,0.17040027185471243,1
0.16219430157622292,0.1716701592301449,1
1.0110368492414066,0.6482691615030038,0
0.23780114163919108,1.0260251943417849,0
0.22068635347798188,0.10115393293447802,1
-0.7908519628594762,-0.40178090382346643,0
-0.03321980891436668,-0.0609936006207403,1
0.13045548333050486,-0.08300277073629447,1
-0.9712602997644818,0.11051151079867251,0
0.0241306873584749,-0.31977378073633717,1
0.31989521203419535,-0.19123533430725193,1
-0.05765809005691985,0.04968680057343599,1
0.35748640744362575,-0.7775859641024766,0
-0.6514082649470619,-0.7005717747499712,0
0.05490766902912005,-0.33147879756614096,1
-0.15411859496963837,-0.7652508244332935,0
-0.2714496408755007,-0.23791269506642387,1
0.3335697086542647,0.9430506282085469,0
0.007257958638518219,0.9915754228878588,0
-0.9710846764095591,0.37165919554901083,0
-0.20793112731711655,-0.5707032948473296,0
0.17369818464108616,-0.11476786385709582,1
-1.2631112790031311,0.1377246229158464,0
0.8935723035440384,0.45603108155824434,0
0.6263714414941963,-1.075240846516575,0
0.3165630288231033,0.03233256080258182,1
-0.6001483885686842,0.6898292729874516,0
0.11709067702514898,0.047960403389027545,1
-1.4682056433766029,-0.22665371742076063,0
-0.07322655917182408,0.15373910636099958,1
1.309360439135687,-0.5217337196096828,0
0.46580103867936157,-0.6022093603295339,0
0.21470459302513914,-0.1931526693516138,1
-0.9846320476345105,-0.17660523233164244,0
-0.33303289348763115,1.1392265588795236,0
0.6740192122813164,-0.44483717208696427,0
0.2607743198114541,-0.09058552289706309,1
-0.3486132158361708,0.9545654708494495,0
0.2937893924673209,-0.29852802003128215,1
0.008111232661812726,0.7037762683406216,0
-0.046649005848586785,-0.0991320047939514,1
-0.08240005132229053,-0.3986401144865259,1
-0.10244816489618334,-0.09741648958365168,1
0.0005311684720337162,-0.17975318832918427,1
0.6928068548157243,-0.8197041868639683,0
-0.2618876367968541,-0.20149462063118478,1
0.12652456920013916,0.5090874817340502,1
0.33938942837759734,-0.7869212861135553,0
0.2126738973576094,-0.009011932923907243,1
0.1383049049229028,0.21871050154139288,1
-0.5868257292501255,0.911901052058535,0
-0.019230288210595303,0.1348072339371337,1
-0.6799939758436739,0.04602066445322808,1
-0.6656051257081745,-0.2984681902416799,0
0.5295757113519777,-1.0977652816625278,0
-0.9941735058494795,-0.013027151511633986,0
-0.13798142564307211,0.42638132089846104,1
0.9199467244819401,-0.0007140112663147624,0
-0.2549093704234252,0.2782104575019032,1
-0.9768350122435513,-0.4842347188544758,0
0.27409813997515076,0.18099302402553516,1
-0.3472129866339396,0.06800104890377434,1
-0.3748456169111734,0.6675101901329423,1
-0.00998672220980527,-0.4367844612103564,1
-0.41095492194651123,1.286301841919875,0
0.06891731320802233,-0.261721788405942,1
-0.015553517972067225,0.7432954822425638,0
-0.2943966567704863,-0.24584198481511496,1
0.4349542978422134,-0.044473126022645706,1
0.9856997691839062,0.35478822157427836,0
0.32020711362732,-0.04748530071462512,1
0.9874904724125296,-0.11971001274846987,0
-0.1404434802134845,0.26533642378048417,1
0.18182612217600327,-0.3215159633818412,1
-1.0792884470631867,-0.2855488459066316,0
0.07269974246559369,-1.3140682365089391,0
-0.9309083419599997,0.6470569087742748,0
-0.14738473627437215,0.31463684910912665,1
0.3313712510242724,0.9767058034887011,0
-0.17642617310237793,0.11987247168231491,1
0.33460147849527455,0.2624041865130513,1
0.12294100962328025,-1.1507806632687214,0
-0.9666903285871452,-0.26618938292115024,0
0.07638727947424763,-0.6127820635004704,1
0.33256499502488535,-0.007387759834858003,1
0.2583498835575338,-0.30670886674762243,1
0.6969853972400121,-0.5471776319541228,0
0.39360262344687774,-0.9565654040538029,0
0.4973045712404413,0.8294764909931189,0
0.8400559646438546,0.6392073842786503,0
-0.16163500984052076,-1.0999626715365696,0
-0.06620460472758494,-0.14091738421979538,1
-1.4308113243921778,0.4471397218097836,0
0.40602275731400594,0.37833732385551866,1
-0.3961050054427778,0.18412934308900178,1
-1.13654507914603,-0.30914959870578596,0
-0.4448263162911911,1.1445337670400657,0
-0.13617205712999528,-7.139247256313097e-05,1
1.0312281708767626,0.5759465997863875,0
-0.20998396795256774,-0.5469449161114632,1
0.02536830005489707,-0.05240773196495467,1
-1.195927009173166,0.5993729090549533,0
-0.0484405057975236,-0.18124362728283214,1
0.004389147289705556,-0.04886428022209746,1
0.2448072432748169,-0.3047016041243687,1
0.48592608467450804,-0.5429643157024044,0
0.2948164405005821,-0.7791131566220053,0
-0.09854306978393157,-0.6116347689952238,0
-1.0778824540932024,-0.3197561086024583,0
0.7436796136458698,1.397716205664668,0
-1.0638568889248106,0.28317038816066387,0
0.05245715124424938,0.15037920449446918,1
-0.1298484101006796,-0.016903690214553208,1
0.25662042155591147,0.021890706930178284,1
0.23957169136609452,0.49110345645514836,1
0.38473469645130676,0.8789098087872419,0
-0.16259739941295964,-0.12488829856710967,1
-0.8225296566351419,0.20927702695369627,0
-0.22537494832656568,-1.2081192103850231,0
0.30723907059015365,0.016069976794362388,1
-0.1448090917320592,-0.2352912792406841,1
-0.014354232645499038,-0.2949938892056534,1
-1.3677931246302966,-0.16234776172302096,0
0.07649681531958533,0.25525800336163645,1
0.025180750548084496,-0.19112696372043508,1
-0.28352979429149894,-0.019989234580933865,1
0.09651867417572624,-0.8048381013438609,0
-0.0045299966773861555,-0.14964868017002192,1
0.12314418281468906,-0.1378091533910556,1
0.19718317694490067,0.1956944673952342,1
-0.12709544530914219,-0.21733663278192036,1
-0.17962990524081981,0.5848477736606555,1
0.423645242358756,-0.3261483843956685,1
-0.7670759164245805,-0.6269129522449941,0
-0.05908615128664801,0.43709733574675425,1
-0.2585506500805717,1.4558726334045302,0
0.27129043393444896,-0.17331000548231085,1
0.05360040792810708,0.32487011282996703,1
-0.09677648689819449,0.3125136036601083,1
-0.15187783810277103,-0.039533153720275244,1
-0.0059942566960548005,-0.2654799806586119,1
-0.1810753812563885,0.008470719544052041,1
-0.9596086933176746,-0.3467366998496839,0
-0.1870154851901217,-0.2516098288445757,1
-0.4051792655552054,-0.34940633409676025,0
-0.4072872742324212,-0.62836665736542,0
-0.1922767217904094,-0.8389705227097644,0
-0.04646608493113137,0.1959776265296968,1
0.43919142275961065,-0.7153921182829788,0
0.6595691954497241,1.1085054826960514,0
0.11769186029407075,0.20894263106080635,1
0.25808822332548487,0.17949824648599316,1
-0.9385112562432657,-0.42355036927635253,0
0.9148012148471155,0.46168886040981616,0
-0.21639190614843481,0.28601223179803265,1
-0.8371733423960821,0.47906248673962737,0
0.7206470967252063,0.6734552067071451,0
1.172241659222127,0.08888273268112759,0
0.03627475078780386,0.16163617618524914,1
0.3171518953052076,0.2545877648056508,1
0.015051528927307822,0.0618611317916391,1
0.15116846483327778,-0.6687768281649922,0
-0.5179839536738229,-0.5595085859672039,0
-0.642387045881347,-0.97916059049675,0
-0.29023592887527855,1.2272027461847717,0
-0.4574362363018389,0.9198021456957408,0
-0.044683413836012015,-0.1128637027986925,1
0.84847465193245,1.0673158324883865,0
0.11747400467379333,-0.11984047247652549,1
0.2872557677550258,0.5242912638482562,1
0.08387190812953177,-0.705663967183581,0
0.6181825394561927,1.0462478614422337,0
1.0168570668568115,-0.4141224692038347,0
-0.018417131337567172,0.053863954212640584,1
0.2499348805571644,-0.1700477635667077,1
0.14112730250197858,-0.31813937543601906,1
1.1796159979493177,-0.5239130140963013,0
-0.08987432871381806,-0.03872877923980661,1
-0.5973049914583849,1.017101804422947,0
-1.284493482107976,0.010554684979850598,0
0.8181161713806296,0.7305350900507295,0
0.774872308001948,0.5498629986946679,0
-0.6783021592214031,0.7616567373316525,0
-0.4065235985148806,0.14386683557767704,1
-0.010060843292235666,-0.4123995186506838,1
-0.013646387262075323,-0.17669678497456387,1
0.10468742391280124,-0.061016575639726484,1
-0.21964882431262436,0.14151857154785885,1
-0.01777784209459443,0.33653454389807436,1
0.9390666915396749,0.589897358557252,0
-0.43248409959090994,0.965628368704958,0
0.02443610125448223,-0.39301239317079517,1
0.21534782807197633,-0.1999184635378452,1
0.2880729721675576,0.5001485565423539,1
-1.171272436815256,0.1460808589654199,0
-0.33278714447130614,-0.4355937129151447,1
0.9716848714483787,-0.025162010968028753,0
0.48224209518042327,-0.7231285233075777,0
-0.33537933412527987,-0.613098479851593,0
0.3677841224188532,-0.9683291346370008,0
-0.2078454186627914,0.5662247560817261,0
-0.9053102367152576,-0.02107571976720285,0
-0.12511476884512482,0.15304527523010286,1
-0.567858139445045,-0.8979558279159723,0
0.32398783381164065,-0.23189090237753868,1
-0.6064030809680858,0.5217881969293912,0
0.16735741362290033,0.29643196501959534,1
-0.31025299189890176,-0.11494007946745956,1
-0.5515468988235865,-1.0552076209063417,0
-0.08736712514540451,0.1938614169384678,1
-0.2697575330602874,0.1126064373451733,1
-0.2499041991810844,-0.6137015170162265,0
-0.3074078816025352,-0.07834505919815526,1
0.32110591494761653,0.01597283923845144,1
-0.38055387548398933,0.7172901358873657,0
-0.03275972581814576,-0.30028090841495747,1
0.9536552030090786,0.022500111931440206,0
-0.9993060019966686,-0.9007124846374919,0
-0.557524640585919,-0.16326054456725475,1
-0.7957733783013887,-0.6972005746347845,0
0.9971135248792428,0.07688463676307922,0
-0.5304992306897969,0.9114632026175509,0
1.167677868900315,0.05706327411505434,0
0.13163976399399296,0.3430611521930004,1
0.8254134565305455,0.7419083089361254,0
-0.4618618821692044,0.6524745260112292,0
-0.06068572308196633,-0.33410664159867964,1
-1.2427742797214876,-0.3438302323309029,0
0.4237058864186945,-0.7896019089200429,0
1.0438142781643374,-0.1541224623657763,0
1.1555782471009741,-0.5927857470804173,0
0.9581916900366033,0.4610974581468967,0
-0.8286782980168407,-0.5748815823774328,0
0.62108816657276,-0.7029174699403364,0
-0.16985614500916102,-0.6992922412306106,0
-0.07170272067494707,-0.21864897291016144,1
-0.16094908870163943,0.09785871102766311,1
0.9959646127180181,0.4240531177800896,0
-1.199134014527155,-0.2844367676917866,0
-0.6756299641712968,-0.7746855840013893,0
-0.5672287531392413,1.0118411048839202,0
0.17389489064107996,0.7654909514673643,0
-0.5934461233167848,-0.82968605633995,0
0.22524299986538013,0.013324916281485216,1
-0.35719300897387546,-0.7940528264125506,0
0.37268269360937667,0.029799657627668966,1
-0.5731893387905561,0.8985795763407327,0
0.37613665867664914,-0.15573866712190781,1
0.7271135381060003,-0.17516355962727076,0
0.44541352501933207,0.2681444995440331,1
-0.5488159699641483,-0.09725706317919683,1
-0.2226727640297403,-1.1385793640624173,0
1.1048438618938734,-0.036180933830051554,0
0.6932861235241238,0.2734298929201299,0
0.7946595279836006,-0.678393580893114,0
1.0393457261269428,0.5577362848548083,0
0.6012307668037514,0.8862147268334385,0
0.9611299103661824,0.7823269775448404,0
0.06796644775360011,-0.3910576039369845,1
0.08517154242570119,0.08850040353855193,1
-0.21240894687409667,-1.3747555492107533,0
0.10345430871933517,1.0658340152132184,0
0.3035766392200481,-0.1754674617023179,1
0.12711816217234562,-0.14562985813746174,1
-0.4205095150294458,1.1556926160522176,0
-0.8937398751889354,0.4015226037979114,0
-0.8472318596693257,0.3329874929213662,0
0.3483505620055674,-0.8891806929640885,0
0.07485820604470939,0.025030043858874272,1
-0.33951322205235174,0.5073528010010769,0
-0.15179102358835858,0.33488011025970327,1
0.07595651652003083,-0.06201635663729385,1
0.4320805847137793,0.33053224119732183,1
0.6364767864061971,-0.8610484218612954,0
-0.0821499546410692,0.39021521678875104,1
-0.06816984292427133,-0.1447301966259688,1
-0.32420690870333113,0.28667032895408373,1
1.0380137927070816,-0.36115623461928237,0
0.3331410833790842,-0.06803525953624041,1
0.4923489234996673,-1.3162237203594447,0
0.4189968711061798,-1.506998043798691,0
1.3700687814367232,0.06382154749796667,0
-0.5898817975221429,0.42715728208196224,0
0.3056308388926787,0.9820601684390089,0
0.05774804149334198,0.1388555943833767,1
-0.12326067993519887,0.19684239173932713,1
-1.056736396541444,-0.6408314274349662,0
-0.19934900273521433,0.8987833884389342,0
0.014558142374436894,-0.3505738025028159,1
-0.9385466952943412,0.21837846267705038,0
-0.15305335515599638,0.9547122147875534,0
0.06820399000638486,0.2619726186606352,1
0.7284026800471834,0.8995077733554471,0
0.7676392486601284,0.5494340885604567,0
0.01928264631249188,-0.8416925721951435,0
0.08126235660096065,0.7460198663248258,1
0.2333369339008417,-0.9160988161273548,0
0.23153150668552452,0.07309484400023197,1
0.1280761287286337,0.08133143132046783,1
-0.40945445294788413,-0.14549034913897774,1
-0.23640897020018348,0.9311659254911491,0
-1.077154652851987,0.30053149910830135,0
0.14383214569797875,0.7601718674601813,0
0.26649830073439884,-0.26262075243940264,1
-0.3246983999727636,-0.12962894608509803,1
-0.2437447624531925,0.12464220044011964,1
-0.1681731904311752,-0.057712427193174015,1
0.6073354569063621,-0.9289003484369371,0
-0.25183707981535003,-0.031218802551842423,1
-0.4229139883877679,-0.05830303591694016,1
-0.05667974360616301,-0.503528565511911,1
0.14610222430726957,0.33409190165609237,1
-1.0407433530551877,-0.06559588799390434,0
0.2770972484300207,1.1104590899810147,0
-0.4285862303887321,1.1808720452940167,0
-0.17969623804200358,0.3716509174079444,1
-1.1927075583392397,0.24455895957021775,0
0.19135070276358418,-0.09588815919393162,1
-0.19924369505694217,0.08317835358805262,1
-0.44814409332020305,0.010755409505676619,1
-0.2040452266571004,0.18403376582043818,1
-0.04562940816423093,0.25770759887442285,1
-0.21762087281888998,-0.2055779073753197,1
0.14352813493685812,-1.0000660114721274,0
0.2856458370940732,0.13388241938435924,1
-0.2680818392608048,0.8736864000590666,0
-0.026990334464626627,-1.1124453529870917,0
-0.6490357642727453,-0.9316955606270096,0
0.09522082796704257,-0.2756173105622774,1
0.07991686973604373,-0.5124852486819094,0
0.3147557487799846,0.09561373705242443,1
-1.1857482955695795,0.7305073926306876,0
1.0089360048406375,-0.1381976285313901,0
-0.2593123672877075,0.056910712956383475,1
-0.36357540480977535,-0.6107285662685219,1
-0.2053869150695823,-0.31374748503287564,1
-0.2324033699120867,0.012338088429302577,1
0.7812535547516625,0.2905047059780573,0
0.012703412284157722,-0.12831341348878544,1
-0.046922353827303406,0.3231499737390763,1
0.5604565040871535,-0.14141627480325983,1
-0.5717089191983453,-0.24157488429173235,1
-0.8978347635190612,0.1651565707792505,0
0.02911121766726841,0.998267187020978,0
-0.13840374676117537,0.021034375277944883,1
0.5545025021356466,-0.9341076721641621,0
0.01931654480567145,-0.22295335202730585,1
0.11658484574274519,0.12572413629843382,1
0.38179905663977365,0.35990541723696345,0
0.821505968372292,-0.622128528369525,0
-0.8239535314392158,0.6402947302229025,0
-0.5321124129373063,-0.9070651279186295,0
-0.03229835288005925,-0.11399458280689884,1
-0.2691316656626469,-0.16106709945906691,1
0.5701798180427615,-0.48345878217232285,0
-0.42749182004112296,0.05271927714920291,1
-0.5295880522337156,1.3070769107587656,0
-0.07494234460302734,0.15225616376398365,1
-0.06508665985789763,0.5566902087514561,1
0.1736309504086332,-0.074348619955037,1
0.050962127368092774,-0.21913842817676465,1
-0.7074304660915414,-0.833087556410119,0
-0.8922336868534001,-0.07918661701621221,0
1.0233277013707562,0.3229349882953792,0
-0.25645938662399664,0.28613036169599415,1
-0.08940834744423519,0.5021988318305668,1
-0.30538043377027596,-0.1839478732226463,1
-0.20884191555915957,-0.23841108827064378,1
0.147946586705271,-0.2956355938580451,1
0.7922620743391358,0.9723878435723603,0
0.7747204642822333,-0.8264154741103401,0
-0.12389094009147467,0.2012795529860195,1
-0.43616223139843957,-1.1425544329430894,0
0.23343550035389155,-0.07066327615525422,1
-0.13830153291441916,-0.5021326710947513,1
-0.2778469028989727,-0.12019610518121115,1
0.006674127544204295,0.23761458798180335,1
-0.25114610712247165,0.32627331294625783,1
0.8022131575835498,0.47253993555624163,0
-0.2548064696890437,0.14246963081409075,1
-0.20647577189033864,0.12299002332344527,1
-0.14839225940171258,0.003993077009254387,1
0.969672324742102,-1.0082132673293205,0
-0.07529740289869048,0.03687705209451461,1
1.1053395999587192,0.39545419384409763,0
0.2750834181098593,0.8364555482394767,0
-0.350138343650422,-0.1510560104057603,1
-0.5226516479809311,-0.7616296237116033,0
0.1377342936009399,-0.07419432483050965,1
-0.3805727368230208,-0.2278175813131636,1
-0.19767136117489723,0.041116793397332735,1
0.022335793657953837,-0.277789005730228,1
-0.6861447843146329,0.2034629206956028,0
0.10256460226326873,-0.18889610968680215,1
-0.3255752205308205,0.0218037929685182,1
0.2478451562628011,-0.04249573706269749,1
0.11954934999730821,-0.2600731075491492,1
0.16573770055227416,-0.10796298086276923,1
0.09190615361940083,0.1677034750357149,1
-0.0019613878235739124,-0.4094667860479004,1
0.6293107828931718,0.9479328141603394,0
-0.22719025661776768,-0.10578124879031653,1
0.44715242419195733,-0.7738300893073822,0
-0.3704682594258418,1.1321997872013165,0
0.7806554376144548,0.66771880324097,0
-0.05880976465771682,0.9511087424142634,0
0.2341280458306103,0.2319061485258842,1
0.04997323621230579,-0.24257231617095654,1
-0.3020320539409139,0.3972766000194814,1
-0.2825814757227866,0.30695102514646305,1
-0.13675703139796463,0.05768383953923237,1
0.6484928792064376,-0.06239195408507059,0
0.29794471238143405,-0.24532630919559972,1
0.09545899199225431,-0.09188556471434381,1
0.2742562935088678,0.09303833265805922,1
0.7269278156850206,-0.6844181523698007,0
-0.7661187777919675,0.6885840582039141,0
0.8451763766585778,0.6328350339989092,0
0.6032880639164324,0.11729862681035214,1
-0.14703220247451904,-0.13247396315421675,1
0.0543156485712164,-0.05382968557493481,1
0.4816523282578339,-0.15526926253299855,1
-0.12363436409153336,-0.890169105844176,0
-0.019366225689903566,1.1602419040542453,0
-0.20445465463422305,-0.1684978318064937,1
0.2797194794175269,0.06482942910309569,1
-0.059082283322623885,0.022389963826535728,1
0.02441737069182337,0.8926047344875244,0
-0.0812050631458114,-0.3547860942911759,1
0.5204770673707948,-0.007817244378275051,1
0.20839058532700716,-0.2589477302435336,1
-0.2555625563439744,0.36554706397284653,1
0.2530062625565197,1.2120834174478914,0
0.7946720214563545,-0.16945685115513365,0
-0.9015142611552043,-0.1565193371911161,0
-0.23639442343487377,-0.7845040206817968,0
0.05700604708910814,0.22953813825599234,1
0.7554801929388076,-0.015744038960216172,0
0.2695440870319801,0.5256463292440965,0
-0.4649569259118716,0.7530805564559058,0
-0.0679727161393353,0.12984719586053628,1
0.018675231036185097,0.10262449996917744,1
0.20470086571697968,-1.0105683632616986,0
-0.596171804216395,0.8307968839931426,0
0.8658821492157943,1.1010495173933095,0
-0.6668751121480105,0.7416075354221522,0
0.08631521427807612,0.5451219844009485,1
-0.20909130898702652,0.23702232922352978,1
0.877931011031261,-0.4952790747838499,0
-0.16695488420841292,-0.09769507766271254,1
0.20854541470682647,0.24231213718136618,1
0.8525658985291813,0.552793973276112,0
-0.020973334187086856,-1.0366903326614114,0
-0.29375718228009284,0.2477736115217595,1
0.7357806657621129,0.45992747417400814,0
-0.822194002561795,0.16414519957548113,0
0.1121114282507667,-0.011581427271696393,1
0.03341940687723635,0.3025137508624903,1
-0.2597354067868206,-0.9835289570405277,0
-0.8399619255587117,-0.6163131237136571,0
-0.3589660368025336,-0.1734934758633782,1
-0.39098944236204,0.6157517412153873,0
0.9923141098479076,1.146588391675736,0
0.8380931736782755,0.4965022624903367,0
-0.015077910247601412,0.16653399290117582,1
-1.1541355919393097,0.0867757471927863,0
-0.37870806784149197,0.915235690020055,0
-1.0840898100912417,0.11592146341206161,0
-0.18616229777835652,-1.034734019971102,0
-0.1923553212154656,0.8950339932623276,0
-0.08300523929075511,0.29589060798604705,1
0.507305681093208,-1.003474239744429,0
0.27684135984126346,0.45104896358603647,1
-0.06851733933973783,-0.07268710736641293,1
-0.2353671969045012,-0.1498843778426171,1
1.360581492796202,0.11650144789593089,0
0.16985931034936066,0.08580530262302005,1
0.4989889235642675,-0.8802344543375149,0
-1.2763123574890163,-0.38152094371091194,0
-0.10238612265678987,-0.02549716278628887,1
0.1412863505679504,0.03637632617546799,1
-0.22608468712790358,0.22179274992431042,1
-0.010719565492510706,-0.3625382604492019,1
-0.48269215999906945,-0.6204535694882929,0
1.2076691591544613,-0.4019242752124235,0
-1.2725752772917556,0.3809681825270777,0
0.2921317877626303,-0.11404962066668917,1
-0.2481310706769124,-1.476213896481442,0
-0.8028327736203316,-0.6639613687455792,0
1.1909273545878776,-0.08130271081888213,0
0.12942565046763224,0.10567942281743994,1
-0.3702538799669645,-0.6047387613039467,0
-0.30948200320121816,-0.09860948118690563,1
0.1677533393519967,0.7152940844061341,0
-0.27127557110324957,-0.08865746609523517,1
0.45042359896083767,1.202493477614818,0
0.18627765852381906,0.2017107924460132,1
0.006183403274900939,0.3837516106245317,1
0.06778898410966622,0.26436140962806237,1
-0.004864258307721608,0.03977733643832912,1
-0.0973520122043544,-0.2652804678232128,1
-0.7872538968399956,0.5888096018688298,0
-0.16835633768137487,0.21610898933168582,1
-0.6770643809305708,-0.7627884656613846,0
-0.5064909472223501,-0.21190386157174862,1
-0.01933131892989727,0.07848259157346452,1
-0.28371535531391084,0.5326622774440966,1
-0.031170675164343867,-0.06109621987167335,1
-0.5196012227152123,-0.8125413801473911,0
-0.923849900414295,0.14648064450894946,0
0.3869717257201498,-0.07469286716622381,1
0.3269409752807601,0.1672917924828029,1
-0.14259169537311778,-0.3272709638949357,1
-0.3389792308275928,0.8356107603856949,0
0.13847674648037683,-0.024878762311005526,1
-0.5286067130703862,-0.888197573329515,0
0.007308541770639732,0.2481865830406101,1
-0.6771770040072813,0.7593710698139003,0
0.21459027549677198,-0.16493762243253013,1
